{
    "core": {
        "threads": "500",
        "keepAlive": false,
        "timeout": "15200",
        "retries": "0",
        "shuffle": false,
        "captureFullData": false,
        "captureServer": false,
        "protocols": {
            "http": true,
            "https": true,
            "socks4": true,
            "socks5": true
        }
    },
    "judges": {
        "swap": true,
        "items": [
            {
                "active": true,
                "url": "http://proxyjudge.info/azenv.php",
                "validate": "AZ Environment variables"
            },
            {
                "active": true,
                "url": "http://www.sbjudge3.com/azenv.php",
                "validate": "AZ Environment variables"
            },
            {
                "active": true,
                "url": "http://proxyjudge.us/azenv.php",
                "validate": "AZ Environment variables"
            },
            {
                "active": true,
                "url": "http://azenv.net/",
                "validate": "AZ Environment variables"
            },
            {
                "active": true,
                "url": "http://www.cooleasy.com/azenv.php",
                "validate": "AZ Environment variables"
            },
            {
                "active": true,
                "url": "http://pascal.hoez.free.fr/azenv.php",
                "validate": "AZ Environment variables"
            },
            {
                "active": true,
                "url": "http://www.proxy-listen.de/azenv.php",
                "validate": "AZ Environment variables"
            },
            {
                "active": true,
                "url": "https://api.ipify.org/",
                "validate": "(25[0-5]|2[0-4][0-9]|[01]?[0-9][0-9]?)\\.(25[0-5]|2[0-4][0-9]|[01]?[0-9][0-9]?)\\.(25[0-5]|2[0-4][0-9]|[01]?[0-9][0-9]?)\\.(25[0-5]|2[0-4][0-9]|[01]?[0-9][0-9]?)"
            },
            {
                "active": true,
                "url": "https://ident.me/",
                "validate": "(25[0-5]|2[0-4][0-9]|[01]?[0-9][0-9]?)\\.(25[0-5]|2[0-4][0-9]|[01]?[0-9][0-9]?)\\.(25[0-5]|2[0-4][0-9]|[01]?[0-9][0-9]?)\\.(25[0-5]|2[0-4][0-9]|[01]?[0-9][0-9]?)"
            }
        ]
    },
    "ip": {
        "lookupUrl": "https://api.ipify.org"
    },
    "blacklist": {
        "filter": false,
        "items": [
            {
                "title": "Spamhaus DROP",
                "active": true,
                "path": "https://www.spamhaus.org/drop/drop.txt"
            },
            {
                "title": "Spamhaus EDROP",
                "active": true,
                "path": "https://www.spamhaus.org/drop/edrop.txt"
            },
            {
                "title": "MYIP.MS General",
                "active": true,
                "path": "https://myip.ms/files/blacklist/general/latest_blacklist.txt"
            }
        ]
    },
    "exporting": {
        "type": 1
    },
    "main": {
        "dark": true
    },
    "version": "1.6.1"
}